INSERT INTO football_team(id, name, country, budget, stadium_capacity) VALUES
(1, 'Liverpool', 'England', 130000000, 85000),
(2, 'Real Madrid', 'Spain', 165000000, 90000),
(3, 'Krasnodar', 'Russia', 80000000, 55000),
(4, 'Juventus', 'Italy', 125000000, 80000),
(5, 'PSG', 'France', 183000000, 78000),
(6, 'Manchester United', 'England', 140000000, 95000),
(7, 'Barcelona', 'Spain', 138000000, 82000),
(8, 'Zenit', 'Russia', 85000000, 65000),
(9, 'Chelsea', 'England', 127000000, 79000),
(10, 'Atletico Madrid', 'Spain', 119000000, 68000),
(11, 'Manchester City', 'England', 185000000, 88000),
(12, 'Inter Milan', 'Italy', 129000000, 73000),
(13, 'Bayern Munchen', 'Germany', 147000000, 91000),
(14, 'Borussia Dortmund', 'Germany', 132000000, 71000),
(15, 'Tottenham', 'England', 139000000, 74000),
(16, 'Milan', 'Italy', 125000000, 61000);

INSERT INTO players(id, name, surname, country, age, football_team_id) VALUES
(1, 'Mohamed', 'Salah', 'Egypt', 27, 1),
(2, 'Sadio', 'Mane', 'Senegal', 26, 1),
(3, 'Andrew', 'Robertson', 'Scotland', 26, 1),
(4, 'Roberto', 'Firmino', 'Brazil', 27, 1),
(5, 'Karim', 'Benzema', 'France', 29, 2),
(6, 'Toni', 'Kross', 'Germany', 31, 2),
(7, 'Tibo', 'Kurtua', 'Belgium', 26, 2),
(8, 'Matvey', 'Safonov', 'Russia', 23, 3),
(9, 'Remy', 'Cabella', 'France', 27, 3),
(10, 'Victor', 'Claesson', 'Sweden', 28, 3),
(11, 'Aleksey', 'Ionov', 'Russia', 29, 3),
(12, 'Paolo', 'Dybala', 'Argentina', 25, 4),
(13, 'Alex', 'Sandro', 'Brazil', 27, 4),
(14, 'Giorgio', 'Chiellini', 'Italy', 34, 4),
(15, 'Federico', 'Chiesa', 'Italy', 24, 4),
(16, 'Lionel', 'Messi', 'Argentina', 32, 5),
(17, 'Kilian', 'Mbappe', 'France', 22, 5),
(18, 'Sergio', 'Ramos', 'Spain', 33, 5),
(19, 'Cristiano', 'Ronaldo', 'Portugal', 34, 6),
(20, 'Paul', 'Pogba', 'France', 26, 6),
(21, 'Markus', 'Rashford', 'England', 24, 6),
(22, 'Ansumane', 'Fati', 'Spain', 18, 7),
(23, 'Memphis', 'Depay', 'Netherlands', 25, 7),
(24, 'Sergio', 'Busqets', 'Spain', 33, 7),
(25, 'Frankie', 'de Jong', 'Netherlands', 23, 7),
(26, 'Daler', 'Kuzyaev', 'Russia', 26, 8),
(27, 'Serdar', 'Azmun', 'Iran', 25, 8),
(28, 'Artem', 'Dzuba', 'Russia', 32, 8),
(29, 'Malcom', '', 'Brazil', 26, 8),
(30, 'Timo', 'Werner', 'Germany', 24, 9),
(31, 'Kai', 'Havertz', 'Germany', 23, 9),
(32, 'Christian', 'Pulisic', 'USA', 23, 9),
(33, 'Marcos', 'Alonso', 'Spain', 28, 9),
(34, 'Joao', 'Felix', 'Portugal', 22, 10),
(35, 'Luis', 'Suarez', 'Uruguay', 32, 10),
(36, 'Renan', 'Lodi', 'Brazil', 24, 10),
(37, 'Jan', 'Oblak', 'Slovenia', 28, 10),
(38, 'Raheem', 'Sterling', 'England', 26, 11),
(39, 'Kevin', 'De Bruyne', 'Belgium', 28, 11),
(40, 'Phil', 'Foden', 'England', 21, 11),
(41, 'Ederson', '', 'Brazil', 28, 11),
(42, 'Lautaro', 'Martinez', 'Argentina', 24, 12),
(43, 'Ivan', 'Perisic', 'Croatia', 26, 12),
(44, 'Arturo', 'Vidal', 'Chili', 34, 12),
(45, 'Alexis', 'Sanchez', 'Chili', 32, 12),
(46, 'Robert', 'Lewandowski', 'Brazil', 33, 13),
(47, 'Leroy', 'Sane', 'Germany', 25, 13),
(48, 'Alphonso', 'Davies', 'Canada', 20, 13),
(49, 'Manuel', 'Neuer', 'Germany', 35, 13),
(50, 'Erling', 'Holland', 'Norway', 21, 14),
(51, 'Marco', 'Reus', 'Germany', 32, 14),
(52, 'Axel', 'Witsel', 'Belgium', 32, 14),
(53, 'Thorgan', 'Hazard', 'Belgium', 28, 14),
(54, 'Harry', 'Kane', 'England', 28, 15),
(55, 'Hugo', 'Lloris', 'France', 34, 15),
(56, 'Davinson', 'Sanchez', 'Columbia', 25, 15),
(57, 'Heung-Min', 'Son', 'South Korea', 26, 15),
(58, 'Ante', 'Rebic', 'Croatia', 28, 16),
(59, 'Theo', 'Hernandez', 'France', 24, 16),
(60, 'Zlatan', 'Ibrahimovich', 'Sweden', 40, 16);

INSERT INTO coach(name, surname, age, position, category, football_team_id) VALUES
('Jurgen', 'Klopp', 58, 'Main Coach', 'PRO', 1),
('Karlo', 'Ancelotti', 65, 'Main Coach', 'PRO', 2),
('Victor', 'Goncharenko', 48, 'Main Coach', 'PRO', 3),
('Aleksey', 'Berezutskiy', 48, 'Coach assistant', 'A', 3),
('Massimiliano', 'Allegri', 54, 'Main Coach', 'PRO', 4),
('Roberto', 'Pochettino', 49, 'Main Coach', 'PRO', 5),
('Ole Gunnar', 'Solskjaer', 48, 'Main Coach', 'PRO', 6),
('Ronald', 'Kuman', 62, 'Main Coach', 'PRO', 7),
('Sergey', 'Semak', 44, 'Main Coach', 'PRO', 8),
('Thomas', 'Tuchel', 48, 'Main Coach', 'PRO', 9),
('Sergey', 'Semak', 41, 'Main Coach', 'PRO', 10),
('Diego', 'Simeone', 51, 'Main Coach', 'PRO', 11),
('Pep', 'Guardiola', 50, 'Main Coach', 'PRO', 12),
('Julian', 'Nagelsmann', 34, 'Main Coach', 'PRO', 13),
('Marco', 'Rose', 45, 'Main Coach', 'PRO', 14),
('Nuno', 'Santo', 47, 'Main Coach', 'PRO', 15),
('Stefano', 'Pioli', 55, 'Main Coach', 'PRO', 16);